Model,Accuracy,F1
Speech,0.9821428571428571,0.9820855033216751
Text,1.0,1.0
Fusion,1.0,1.0
